MODE,DATASET,PREPROC,ALGORITHM,ORDER,ALPHA,R2score,MAE,MSE,MAX
PCA,abalone,_Borderline1,ABR,NONE,NONE,0.32974603608001285,2.2008572537363267,6.9671528110535705,10.464286989563641
PCA,abalone,_Borderline1,GBR,NONE,NONE,0.5624240586731952,1.5161419016851674,4.547575844399807,11.119450665802304
PCA,abalone,_Borderline1,KNNR,NONE,NONE,0.5184873910340376,1.5925167464114833,5.001153322064007,11.52
PCA,abalone,_Borderline1,MLPR,NONE,NONE,0.5387424257794874,1.5635775614647949,4.791432477144218,13.055045531430777
PCA,abalone,_Borderline1,RFR,NONE,NONE,0.5492484158175147,1.5446020628599262,4.684102932126177,10.725999999999999
PCA,abalone,_Borderline1,RNR,NONE,NONE,0.0019311823723375363,2.3597332612318156,10.369031534950912,16.438614174170834
PCA,abalone,_Borderline1,SGDR,NONE,NONE,0.4972396102254208,1.6440012704466351,5.223492429380724,12.552803901628357
PCA,abalone,_Borderline1,SVR,NONE,NONE,0.545283544587522,1.4979909241086162,4.7240627915413365,11.791936791380815
PCA,ailerons,_Borderline1,ABR,NONE,NONE,-0.5233491474303207,0.0004465568602621165,2.531571529968406e-07,0.0018151599839812875
PCA,ailerons,_Borderline1,GBR,NONE,NONE,0.3453704250918766,0.000261767326436472,1.0882837748650627e-07,0.0018402732360342676
PCA,ailerons,_Borderline1,KNNR,NONE,NONE,-0.4176188553040861,0.00037116235045920936,2.3567186412988176e-07,0.002314785251330409
PCA,ailerons,_Borderline1,MLPR,NONE,NONE,-16.61742899538105,0.0009673526016510023,2.929501538181189e-06,0.01772523838732134
PCA,ailerons,_Borderline1,RFR,NONE,NONE,0.40162326932897335,0.00024443205216516866,9.950930232867248e-08,0.001812304879012984
PCA,ailerons,_Borderline1,RNR,NONE,NONE,-0.5358264427951543,0.00043853719443194826,2.5529134184908854e-07,0.002192628853059086
PCA,ailerons,_Borderline1,SGDR,NONE,NONE,-0.4428785285050055,0.00042277876876313416,2.398646071224637e-07,0.002183798354904092
PCA,ailerons,_Borderline1,SVR,NONE,NONE,-5.293566429524244,0.0009593963636363668,1.0466098181818242e-06,0.0016500000000000024
PCA,autoPrice,_Borderline1,ABR,NONE,NONE,0.8105702398485057,1749.2196695135103,6064590.948042722,7914.590364804942
PCA,autoPrice,_Borderline1,GBR,NONE,NONE,0.850039485721225,1285.5321414053274,4345279.996925557,7647.608629993011
PCA,autoPrice,_Borderline1,KNNR,NONE,NONE,0.5639369147393893,2422.680035433603,14441502.089733604,11385.020431374734
PCA,autoPrice,_Borderline1,MLPR,NONE,NONE,-4.540196891995781,11419.837479647564,164633274.04789883,27359.4153464632
PCA,autoPrice,_Borderline1,RFR,NONE,NONE,0.8287754145128577,1441.206262889896,5275493.748172405,8018.842932286189
PCA,autoPrice,_Borderline1,RNR,NONE,NONE,-0.2237791385638331,5037.288961014341,37808825.43344321,15820.024531268142
PCA,autoPrice,_Borderline1,SGDR,NONE,NONE,0.4033622665659404,3459.2094557194155,18986693.32957449,11032.30686491961
PCA,autoPrice,_Borderline1,SVR,NONE,NONE,-0.8375118697712429,5568.026230754462,52669196.11936267,17220.125603144646
PCA,bank32nh,_Borderline1,ABR,NONE,NONE,-0.11195031333297624,0.11689510453613974,0.016400583045030274,0.3965286499105212
PCA,bank32nh,_Borderline1,GBR,NONE,NONE,0.4709325373335741,0.06632977711908858,0.007835715643479717,0.4452973052569053
PCA,bank32nh,_Borderline1,KNNR,NONE,NONE,0.1706513854574006,0.08115677007626966,0.0122756488025306,0.4767517078229269
PCA,bank32nh,_Borderline1,MLPR,NONE,NONE,0.4635751068524844,0.06648299296293049,0.007946039637820515,0.4266860319995388
PCA,bank32nh,_Borderline1,RFR,NONE,NONE,0.482866943397053,0.061822470303949176,0.00765952490290043,0.474564751557932
PCA,bank32nh,_Borderline1,RNR,NONE,NONE,-0.1239132443969598,0.11084940653381548,0.016661055402100916,0.559034526187355
PCA,bank32nh,_Borderline1,SGDR,NONE,NONE,0.3543878750738222,0.07713499682380172,0.009574752031825009,0.4971692364967747
PCA,bank32nh,_Borderline1,SVR,NONE,NONE,0.4705416573519426,0.06812109175536102,0.007840635268676321,0.4297787771884805
PCA,bank8FM,_Borderline1,ABR,NONE,NONE,0.852269999620175,0.04961922881088966,0.00340693521168533,0.21413765131925447
PCA,bank8FM,_Borderline1,GBR,NONE,NONE,0.9162891973745144,0.031081962812174336,0.0019297925563068565,0.1994032549868653
PCA,bank8FM,_Borderline1,KNNR,NONE,NONE,0.8869034024518418,0.03479392178665484,0.0026070500544276448,0.23332432014468615
PCA,bank8FM,_Borderline1,MLPR,NONE,NONE,0.9039316519366384,0.034211297786388616,0.0022149175907319406,0.2053329919895676
PCA,bank8FM,_Borderline1,RFR,NONE,NONE,0.928798640587454,0.028234052680385573,0.0016420175692878638,0.1973648961140512
PCA,bank8FM,_Borderline1,RNR,NONE,NONE,-0.2859208870709581,0.15201600355408312,0.029649907513730662,0.4524394344369512
PCA,bank8FM,_Borderline1,SGDR,NONE,NONE,0.8064723831994947,0.05359289712725366,0.004457746124741021,0.25240047309183816
PCA,bank8FM,_Borderline1,SVR,NONE,NONE,0.9016578316827202,0.03703528390359544,0.0022669565043589067,0.17895130939524434
PCA,cpu_act,_Borderline1,ABR,NONE,NONE,0.924725577625168,4.28991777146108,25.24867695424691,17.69343773227639
PCA,cpu_act,_Borderline1,GBR,NONE,NONE,0.9716824645169112,2.2266910226236063,9.507635032723082,17.0536759146133
PCA,cpu_act,_Borderline1,KNNR,NONE,NONE,0.8545488635305434,4.889593955634224,48.84925513263768,35.36
PCA,cpu_act,_Borderline1,MLPR,NONE,NONE,0.8219492762618692,5.6394704913405285,59.764435342518546,38.716164045318116
PCA,cpu_act,_Borderline1,RFR,NONE,NONE,0.9749931239926024,2.0300949415982967,8.408675296753955,18.304000000000002
PCA,cpu_act,_Borderline1,RNR,NONE,NONE,0.5993908813558715,8.06433360728193,135.22972879152843,44.47154768571114
PCA,cpu_act,_Borderline1,SGDR,NONE,NONE,0.7999223070556928,5.955276933408984,67.18255567007894,43.1758086516398
PCA,cpu_act,_Borderline1,SVR,NONE,NONE,0.8327787923496484,5.253500342735277,56.12685648356685,37.67250211618432
PCA,cpu_small,_Borderline1,ABR,NONE,NONE,0.9097721036698344,4.693217081549519,30.10279781229384,19.715958176963696
PCA,cpu_small,_Borderline1,GBR,NONE,NONE,0.9570319000346974,2.773408462697488,14.24428914159665,20.879522086887015
PCA,cpu_small,_Borderline1,KNNR,NONE,NONE,0.8551301876759089,4.871610298724394,48.47352373800696,34.56
PCA,cpu_small,_Borderline1,MLPR,NONE,NONE,0.817540734555568,5.699543552126514,60.70509705987007,39.422459945456616
PCA,cpu_small,_Borderline1,RFR,NONE,NONE,0.970601871631358,2.204427343722646,9.790761847749566,17.860000000000007
PCA,cpu_small,_Borderline1,RNR,NONE,NONE,0.5988573171677702,8.067907627909202,135.6152455381793,44.52034921986755
PCA,cpu_small,_Borderline1,SGDR,NONE,NONE,0.7977316791775211,5.946320372238794,67.25737877030379,41.1878243385956
PCA,cpu_small,_Borderline1,SVR,NONE,NONE,0.833461574787162,5.223249246888244,55.51493161936016,37.57076957986903
PCA,elevators,_Borderline1,ABR,NONE,NONE,-2.0635866856354896,0.010853548826646374,0.00013786044283937022,0.03562433199293878
PCA,elevators,_Borderline1,GBR,NONE,NONE,0.18895690966869574,0.0048017823448959895,3.655876740975602e-05,0.041255929672226
PCA,elevators,_Borderline1,KNNR,NONE,NONE,-0.44573418214474414,0.005844804252704792,6.51217523721031e-05,0.04890261626179025
PCA,elevators,_Borderline1,MLPR,NONE,NONE,-0.1817534241684377,0.005813831861148422,5.327040804990797e-05,0.047580056404587664
PCA,elevators,_Borderline1,RFR,NONE,NONE,0.6043348765270493,0.0030806615338678104,1.7843381400951093e-05,0.03592154179114826
PCA,elevators,_Borderline1,RNR,NONE,NONE,-0.2888363948153945,0.006549901200299803,5.808916776481439e-05,0.046726605998185344
PCA,elevators,_Borderline1,SGDR,NONE,NONE,-0.22511580704376086,0.006268140553333126,5.521147742994607e-05,0.046435543549065914
PCA,elevators,_Borderline1,SVR,NONE,NONE,-11.739847541154466,0.0231897402323969,0.000573589704548837,0.0334
PCA,fried,_Borderline1,ABR,NONE,NONE,0.6703433207579217,2.300123696037574,8.232344481624372,10.995391330499439
PCA,fried,_Borderline1,GBR,NONE,NONE,0.7184071889186173,2.0511304617775723,7.0300411832301934,12.590318100900062
PCA,fried,_Borderline1,KNNR,NONE,NONE,0.6955444512595648,2.153058227978351,7.602582382638649,14.90365230357089
PCA,fried,_Borderline1,MLPR,NONE,NONE,0.7520297094649859,1.9306105737995831,6.191498534895596,13.064356860486095
PCA,fried,_Borderline1,RFR,NONE,NONE,0.7808430293079768,1.8126398329318512,5.471772293415506,12.468121261301182
PCA,fried,_Borderline1,RNR,NONE,NONE,0.003485846834057393,4.060053387855906,24.88318770630425,15.466335777280095
PCA,fried,_Borderline1,SGDR,NONE,NONE,0.5548935381239704,2.6424041508153455,11.111420439570713,13.559389787347277
PCA,fried,_Borderline1,SVR,NONE,NONE,0.7862244722382583,1.7617644987405174,5.3374529041218235,12.806525700352092
PCA,puma32H,_Borderline1,ABR,NONE,NONE,0.6054305863190219,0.015298865098927238,0.00036083775213110916,0.059282674724840036
PCA,puma32H,_Borderline1,GBR,NONE,NONE,0.8251029658177306,0.009887936383517287,0.0001598388866122569,0.0494644023716009
PCA,puma32H,_Borderline1,KNNR,NONE,NONE,-0.3655475267312944,0.025716377905081456,0.0012480361963451176,0.1253315002583793
PCA,puma32H,_Borderline1,MLPR,NONE,NONE,-0.09578484129235992,0.02388064959686124,0.0010011833355432688,0.1103694595500658
PCA,puma32H,_Borderline1,RFR,NONE,NONE,0.8365156331272227,0.009449926762430493,0.0001495940904535163,0.06594319567026925
PCA,puma32H,_Borderline1,RNR,NONE,NONE,0.07902812272023503,0.0219761443167184,0.0008415888026285474,0.09219983946447888
PCA,puma32H,_Borderline1,SGDR,NONE,NONE,-0.00884261349171569,0.02236948700205805,0.0009216360251522236,0.10511316533920356
PCA,puma32H,_Borderline1,SVR,NONE,NONE,-0.001872399276136738,0.02347642090690816,0.0009168236712223137,0.08643189999999998
PCA,abalone,_Borderline2,ABR,NONE,NONE,0.3267352040066651,2.2170378692432893,6.997838333741412,10.292733607627332
PCA,abalone,_Borderline2,GBR,NONE,NONE,0.5609299509412702,1.5182876654002455,4.563379720592457,11.1194506658023
PCA,abalone,_Borderline2,KNNR,NONE,NONE,0.5184873910340376,1.5925167464114833,5.001153322064007,11.52
PCA,abalone,_Borderline2,MLPR,NONE,NONE,0.5361596348734287,1.5822850167875493,4.8173717914867735,13.075427676000936
PCA,abalone,_Borderline2,RFR,NONE,NONE,0.5516469192034302,1.5459006933501416,4.659041402429591,10.755999999999998
PCA,abalone,_Borderline2,RNR,NONE,NONE,0.0019311823723375363,2.3597332612318156,10.369031534950912,16.438614174170834
PCA,abalone,_Borderline2,SGDR,NONE,NONE,0.4938459345501164,1.650030632060917,5.259115576513079,12.604387450926945
PCA,abalone,_Borderline2,SVR,NONE,NONE,0.545283544587522,1.4979909241086162,4.7240627915413365,11.791936791380815
PCA,ailerons,_Borderline2,ABR,NONE,NONE,-0.4557437774750344,0.00043495870337556064,2.4195391295999826e-07,0.001842571169533334
PCA,ailerons,_Borderline2,GBR,NONE,NONE,0.3775580151951161,0.00025358362355472114,1.0350631659439578e-07,0.0019431491916827054
PCA,ailerons,_Borderline2,KNNR,NONE,NONE,-0.26765746758734066,0.0003519825612504416,2.108648295292584e-07,0.002226960451701278
PCA,ailerons,_Borderline2,MLPR,NONE,NONE,-25.073067881604466,0.0012222005226356634,4.333084275663998e-06,0.01872201202603132
PCA,ailerons,_Borderline2,RFR,NONE,NONE,0.4107752653358978,0.00024412413683719966,9.799892046650259e-08,0.0018481449016430774
PCA,ailerons,_Borderline2,RNR,NONE,NONE,-0.3961148581026496,0.000414088257274429,2.3217399545823017e-07,0.0022345419090022693
PCA,ailerons,_Borderline2,SGDR,NONE,NONE,-0.32721256035277163,0.0004019051372659242,2.2070205380735122e-07,0.0022232227333745017
PCA,ailerons,_Borderline2,SVR,NONE,NONE,-5.293566429524244,0.0009593963636363668,1.0466098181818242e-06,0.0016500000000000024
PCA,autoPrice,_Borderline2,ABR,NONE,NONE,0.8173262491300861,1711.3112456282058,5728862.979732948,7588.577050671074
PCA,autoPrice,_Borderline2,GBR,NONE,NONE,0.8466979945178339,1314.2611891123954,4341766.844593907,7258.762652266816
PCA,autoPrice,_Borderline2,KNNR,NONE,NONE,0.5468586163405952,2475.474101365123,14706395.536239758,11398.411033714236
PCA,autoPrice,_Borderline2,MLPR,NONE,NONE,-4.538135569378137,11417.64022038633,164584249.30661276,27357.17934931252
PCA,autoPrice,_Borderline2,RFR,NONE,NONE,0.8450288671899153,1414.4816401936364,5017059.780159423,7855.118149100602
PCA,autoPrice,_Borderline2,RNR,NONE,NONE,-0.17401591752399445,4943.047638246807,36877600.85360671,15792.423296224017
PCA,autoPrice,_Borderline2,SGDR,NONE,NONE,0.3968728075192912,3478.4287583299983,19167784.83616116,11145.232244195891
PCA,autoPrice,_Borderline2,SVR,NONE,NONE,-0.34457972182278485,4902.33609844895,42407709.771777205,17204.727635197407
PCA,bank32nh,_Borderline2,ABR,NONE,NONE,0.019686347418774067,0.10835982916873883,0.0144580527824316,0.39896617685317626
PCA,bank32nh,_Borderline2,GBR,NONE,NONE,0.4889692402754943,0.06448727615303924,0.007568352740495053,0.4530419118893968
PCA,bank32nh,_Borderline2,KNNR,NONE,NONE,0.24605346486772736,0.07937825850498759,0.011167227349894056,0.4910415837178602
PCA,bank32nh,_Borderline2,MLPR,NONE,NONE,0.4929343972640066,0.06351646263712718,0.007509680182339381,0.44146474950238906
PCA,bank32nh,_Borderline2,RFR,NONE,NONE,0.4914242746177052,0.06196228780986141,0.007531040606443219,0.471007662795042
PCA,bank32nh,_Borderline2,RNR,NONE,NONE,-0.07041940102755552,0.10562530487732008,0.01587355217977924,0.5699241449317856
PCA,bank32nh,_Borderline2,SGDR,NONE,NONE,0.3683590161649869,0.0748473256839215,0.009365335370422443,0.5062859065517128
PCA,bank32nh,_Borderline2,SVR,NONE,NONE,0.4640080821958226,0.06936869986169134,0.007940324020428071,0.4318642314799336
PCA,bank8FM,_Borderline2,ABR,NONE,NONE,0.8493112553987213,0.05024197601087047,0.0034765197502922675,0.21101466642035985
PCA,bank8FM,_Borderline2,GBR,NONE,NONE,0.9214264408442552,0.030456083823329726,0.0018115701742833074,0.18795039751393688
PCA,bank8FM,_Borderline2,KNNR,NONE,NONE,0.8862957216109713,0.03517313022612503,0.0026206489820634763,0.23141564598963502
PCA,bank8FM,_Borderline2,MLPR,NONE,NONE,0.8956110424963228,0.036352117500306605,0.0024066237590013233,0.19621715180624272
PCA,bank8FM,_Borderline2,RFR,NONE,NONE,0.9264413887639682,0.028702356850940525,0.0016970747436892662,0.2013441204744318
PCA,bank8FM,_Borderline2,RNR,NONE,NONE,-0.1878069208625978,0.14528771383253405,0.0273838046988526,0.46940752341897896
PCA,bank8FM,_Borderline2,SGDR,NONE,NONE,0.8116179966194178,0.05269318094091262,0.004338937718072197,0.2621857445805974
PCA,bank8FM,_Borderline2,SVR,NONE,NONE,0.9027434560913924,0.036837923919495016,0.0022418023917181807,0.1775833499869211
PCA,cpu_act,_Borderline2,ABR,NONE,NONE,0.9263127790502896,4.24343846256423,24.74957101998373,18.012119672379193
PCA,cpu_act,_Borderline2,GBR,NONE,NONE,0.9716534721698252,2.2273063158244613,9.517537076567514,17.053675914613304
PCA,cpu_act,_Borderline2,KNNR,NONE,NONE,0.8545488635305434,4.889593955634224,48.84925513263768,35.36
PCA,cpu_act,_Borderline2,MLPR,NONE,NONE,0.8249396396447434,5.614065386698752,58.863958223744156,37.51659109055144
PCA,cpu_act,_Borderline2,RFR,NONE,NONE,0.9750889607237004,2.0281388998771552,8.376793791897885,18.618
PCA,cpu_act,_Borderline2,RNR,NONE,NONE,0.5993908813558715,8.06433360728193,135.22972879152843,44.47154768571114
PCA,cpu_act,_Borderline2,SGDR,NONE,NONE,0.8002494380671887,5.9501566709156934,67.06235119952728,42.962227309452324
PCA,cpu_act,_Borderline2,SVR,NONE,NONE,0.8327787923496484,5.253500342735277,56.12685648356685,37.67250211618432
PCA,cpu_small,_Borderline2,ABR,NONE,NONE,0.9100412083226608,4.647527126551339,30.250285265063162,19.139709297377482
PCA,cpu_small,_Borderline2,GBR,NONE,NONE,0.9570453167236938,2.772704733363998,14.238280933556876,20.87952208688701
PCA,cpu_small,_Borderline2,KNNR,NONE,NONE,0.8551301876759089,4.871610298724394,48.47352373800696,34.56
PCA,cpu_small,_Borderline2,MLPR,NONE,NONE,0.8164574019913209,5.738152571646628,61.114080479063865,39.86553321049561
PCA,cpu_small,_Borderline2,RFR,NONE,NONE,0.9707330865564092,2.2001209454229587,9.746418836674136,18.270000000000003
PCA,cpu_small,_Borderline2,RNR,NONE,NONE,0.5988573171677702,8.067907627909202,135.6152455381793,44.52034921986755
PCA,cpu_small,_Borderline2,SGDR,NONE,NONE,0.7979834902291946,5.9547559208149625,67.18159738426614,41.25525397671189
PCA,cpu_small,_Borderline2,SVR,NONE,NONE,0.833461574787162,5.223249246888244,55.51493161936016,37.57076957986903
PCA,elevators,_Borderline2,ABR,NONE,NONE,-2.177341058690156,0.011059846166117528,0.00014285803152033674,0.03529625902137541
PCA,elevators,_Borderline2,GBR,NONE,NONE,0.2212421125716122,0.004613941154433511,3.509828337422943e-05,0.04194938494356816
PCA,elevators,_Borderline2,KNNR,NONE,NONE,-0.3363499284324674,0.005582332097133777,6.022439138061808e-05,0.0474933162547275
PCA,elevators,_Borderline2,MLPR,NONE,NONE,-0.12308524116998233,0.005677535987688114,5.066249256544638e-05,0.04566163155659338
PCA,elevators,_Borderline2,RFR,NONE,NONE,0.5976478858444585,0.0031024924329632704,1.81504537887012e-05,0.036247756329312
PCA,elevators,_Borderline2,RNR,NONE,NONE,-0.21091984718230555,0.006224413450655121,5.458686066162759e-05,0.04724349438067919
PCA,elevators,_Borderline2,SGDR,NONE,NONE,-0.17291219665458102,0.006055617568716329,5.287206208593187e-05,0.0468199928464879
PCA,elevators,_Borderline2,SVR,NONE,NONE,-11.739847541154466,0.0231897402323969,0.000573589704548837,0.0334
PCA,fried,_Borderline2,ABR,NONE,NONE,0.6645957087969309,2.3230270406136118,8.375193817652974,10.980413520398086
PCA,fried,_Borderline2,GBR,NONE,NONE,0.7435065937552706,1.9672463645521112,6.404092309206661,11.988617820858211
PCA,fried,_Borderline2,KNNR,NONE,NONE,0.6902676792802926,2.1715830281191417,7.73467311468788,15.02950226853368
PCA,fried,_Borderline2,MLPR,NONE,NONE,0.7554820514129337,1.9144257846105384,6.100069046477188,12.706267720783675
PCA,fried,_Borderline2,RFR,NONE,NONE,0.7751618258290168,1.8364139714891208,5.6146877345420005,12.272200941927064
PCA,fried,_Borderline2,RNR,NONE,NONE,0.002598869515570157,4.061513855953374,24.9053259632518,15.476915453219073
PCA,fried,_Borderline2,SGDR,NONE,NONE,0.5642767560154527,2.6142992215193472,10.877796993884013,13.377174685913232
PCA,fried,_Borderline2,SVR,NONE,NONE,0.7873124327544795,1.7627322775519616,5.3100967628009235,12.681410511900019
PCA,puma32H,_Borderline2,ABR,NONE,NONE,0.5802562578513492,0.015509526652063663,0.0003834660192390103,0.06062587185804511
PCA,puma32H,_Borderline2,GBR,NONE,NONE,0.8220920316873321,0.009978931397781828,0.00016251431177744126,0.04964132592836427
PCA,puma32H,_Borderline2,KNNR,NONE,NONE,-0.2476512581644627,0.024843449054705397,0.0011404675578797086,0.12253715620031155
PCA,puma32H,_Borderline2,MLPR,NONE,NONE,-0.01708826615167287,0.023203014461205203,0.0009299605103074342,0.11001405483913566
PCA,puma32H,_Borderline2,RFR,NONE,NONE,0.8466803063743005,0.00917705918958222,0.00014029751743504875,0.05857701442876076
PCA,puma32H,_Borderline2,RNR,NONE,NONE,0.161770588540613,0.021276293080404816,0.0007661926947885122,0.08684100689126187
PCA,puma32H,_Borderline2,SGDR,NONE,NONE,0.05113508021625168,0.021904835289785853,0.0008668468552345362,0.10022531749053347
PCA,puma32H,_Borderline2,SVR,NONE,NONE,-0.001872399276136738,0.02347642090690816,0.0009168236712223137,0.08643189999999998
PCA,abalone,_Geometric_SMOTE,ABR,NONE,NONE,0.14923622233833406,2.550370482025856,8.844252755673716,10.488547057659837
PCA,abalone,_Geometric_SMOTE,GBR,NONE,NONE,0.5202932469974061,1.6496988100697227,4.982695114985235,10.371928652588698
PCA,abalone,_Geometric_SMOTE,KNNR,NONE,NONE,0.4988208027242759,1.636528711172589,5.204937089825716,11.281053949492804
PCA,abalone,_Geometric_SMOTE,MLPR,NONE,NONE,0.5304322656580307,1.6564000450548133,4.879319976119668,10.24551680101747
PCA,abalone,_Geometric_SMOTE,RFR,NONE,NONE,0.5193956758737219,1.6427604550643733,4.994017179862807,9.842149671465776
PCA,abalone,_Geometric_SMOTE,RNR,NONE,NONE,-0.007592700393099627,2.382131683503622,10.469117634326023,16.54288534439857
PCA,abalone,_Geometric_SMOTE,SGDR,NONE,NONE,0.4383789138100015,1.8922471508211405,5.839044634178392,11.785906729771964
PCA,abalone,_Geometric_SMOTE,SVR,NONE,NONE,0.5454959086317456,1.5918652773531898,4.721779291331295,10.763405479868991
PCA,ailerons,_Geometric_SMOTE,ABR,NONE,NONE,-0.5274141075503771,0.0004177085303616384,2.538262304992906e-07,0.002336984414692073
PCA,ailerons,_Geometric_SMOTE,GBR,NONE,NONE,-0.16201208472789885,0.0003560416860055567,1.9317814071496557e-07,0.004143455454857325
PCA,ailerons,_Geometric_SMOTE,KNNR,NONE,NONE,-8.197848889312422,0.0005565433970405374,1.5318581598842163e-06,0.020420250849154647
PCA,ailerons,_Geometric_SMOTE,MLPR,NONE,NONE,-21.12604614985515,0.001137690502862432,3.6829688615450777e-06,0.01908640651536017
PCA,ailerons,_Geometric_SMOTE,RFR,NONE,NONE,0.3981954284249988,0.00023215025346049218,1.0006564319800453e-07,0.003109785327725105
PCA,ailerons,_Geometric_SMOTE,RNR,NONE,NONE,-0.4358587077960268,0.0004182204194890149,2.3891723488099907e-07,0.002533767186638826
PCA,ailerons,_Geometric_SMOTE,SGDR,NONE,NONE,-0.4800876974807732,0.0004164198171319652,2.456753107705898e-07,0.002281075447153359
PCA,ailerons,_Geometric_SMOTE,SVR,NONE,NONE,-767.9073763794505,0.008517046602043212,0.0001271962150957797,0.01067482782355855
PCA,autoPrice,_Geometric_SMOTE,ABR,NONE,NONE,0.7964552673628224,1845.9013051288855,6328916.009710393,7828.098124720009
PCA,autoPrice,_Geometric_SMOTE,GBR,NONE,NONE,0.838652716649541,1420.4262513663991,5279972.154320747,8197.8663300171
PCA,autoPrice,_Geometric_SMOTE,KNNR,NONE,NONE,0.5185575982802104,2511.761090842387,15311122.114566214,12593.813746627213
PCA,autoPrice,_Geometric_SMOTE,MLPR,NONE,NONE,-4.540925746318952,11419.160198947118,164612983.7383186,27358.678469568746
PCA,autoPrice,_Geometric_SMOTE,RFR,NONE,NONE,0.8319603767802541,1436.190760344839,5316346.475973528,8112.892436596143
PCA,autoPrice,_Geometric_SMOTE,RNR,NONE,NONE,-0.346245491375724,5473.876692297914,40066268.42521495,14717.204327951773
PCA,autoPrice,_Geometric_SMOTE,SGDR,NONE,NONE,0.4236605160772129,3609.6507259970704,18051889.124032028,9821.253464078465
PCA,autoPrice,_Geometric_SMOTE,SVR,NONE,NONE,-0.7319877286121402,5733.555814154459,48280867.47598001,15810.32793736578
PCA,bank32nh,_Geometric_SMOTE,ABR,NONE,NONE,-0.7295655964330899,0.14928407013856215,0.025607161046327855,0.38270229999349936
PCA,bank32nh,_Geometric_SMOTE,GBR,NONE,NONE,0.508936940168961,0.05865242910778249,0.0072792951419832375,0.4703766370355701
PCA,bank32nh,_Geometric_SMOTE,KNNR,NONE,NONE,0.3855583849121236,0.06230459772455151,0.009102042763230848,0.51053188
PCA,bank32nh,_Geometric_SMOTE,MLPR,NONE,NONE,0.5031787413971122,0.06128659528094808,0.0073679174467043045,0.42751369502986025
PCA,bank32nh,_Geometric_SMOTE,RFR,NONE,NONE,0.4970740984440939,0.0583235030180536,0.007453827778549881,0.4600870218767985
PCA,bank32nh,_Geometric_SMOTE,RNR,NONE,NONE,-0.3119109977779154,0.12495631079460805,0.0194346884151987,0.5287688200984633
PCA,bank32nh,_Geometric_SMOTE,SGDR,NONE,NONE,0.3482224994688773,0.07557426892109846,0.009649299456558324,0.4537713894911778
PCA,bank32nh,_Geometric_SMOTE,SVR,NONE,NONE,0.446174844234449,0.0695908869680096,0.008204621765785052,0.4333289851606084
PCA,bank8FM,_Geometric_SMOTE,ABR,NONE,NONE,0.8051786468924135,0.057715187697651577,0.004488811918565805,0.2276976724871575
PCA,bank8FM,_Geometric_SMOTE,GBR,NONE,NONE,0.9103973202914556,0.032280338392971564,0.0020663663255875058,0.20328470691786515
PCA,bank8FM,_Geometric_SMOTE,KNNR,NONE,NONE,0.8865403801248997,0.03502493482023848,0.002615382929276223,0.2256036970941921
PCA,bank8FM,_Geometric_SMOTE,MLPR,NONE,NONE,0.9072111088124368,0.03396707138987421,0.002138991031705862,0.2015477084929012
PCA,bank8FM,_Geometric_SMOTE,RFR,NONE,NONE,0.9135250118077144,0.030831690367506718,0.001994842696304929,0.2134263610590851
PCA,bank8FM,_Geometric_SMOTE,RNR,NONE,NONE,-0.4738457947154619,0.1646523597245793,0.03397842976730952,0.4108847077993912
PCA,bank8FM,_Geometric_SMOTE,SGDR,NONE,NONE,0.8083228166755765,0.05319719168362782,0.004417283957933062,0.2282222309931999
PCA,bank8FM,_Geometric_SMOTE,SVR,NONE,NONE,0.8942522801647435,0.038646212533677365,0.002437799648037009,0.1863608852944118
PCA,cpu_act,_Geometric_SMOTE,ABR,NONE,NONE,0.895048330846239,5.001735748640481,35.16375271580584,18.802247138609268
PCA,cpu_act,_Geometric_SMOTE,GBR,NONE,NONE,0.9608092537850216,2.626004252143572,13.175077838262501,20.262432253637442
PCA,cpu_act,_Geometric_SMOTE,KNNR,NONE,NONE,0.8541542576861586,4.896273365588252,48.98385967468521,35.36
PCA,cpu_act,_Geometric_SMOTE,MLPR,NONE,NONE,0.7959117818291913,6.6921414844283245,68.49162661224564,33.59320438518363
PCA,cpu_act,_Geometric_SMOTE,RFR,NONE,NONE,0.9743799238194576,2.0623852279412387,8.61794302454146,17.53995758134322
PCA,cpu_act,_Geometric_SMOTE,RNR,NONE,NONE,0.5835645463237948,10.276328145347184,139.92231887155137,31.833313080036326
PCA,cpu_act,_Geometric_SMOTE,SGDR,NONE,NONE,0.7305445358202093,7.6459763819730675,90.39249428714264,48.557954171054
PCA,cpu_act,_Geometric_SMOTE,SVR,NONE,NONE,0.8174105476767872,5.788641469752605,61.269392254763844,33.62518421011909
PCA,cpu_small,_Geometric_SMOTE,ABR,NONE,NONE,0.8936340706972503,5.099837762951994,35.51835789839002,19.74097692176728
PCA,cpu_small,_Geometric_SMOTE,GBR,NONE,NONE,0.9443226731234006,3.236612439731972,18.513528140799092,22.88839956313764
PCA,cpu_small,_Geometric_SMOTE,KNNR,NONE,NONE,0.8409193466605721,5.265103859600504,53.09506670212711,34.56
PCA,cpu_small,_Geometric_SMOTE,MLPR,NONE,NONE,0.8097019690240179,6.270139899996211,63.1236768473446,42.04596761088273
PCA,cpu_small,_Geometric_SMOTE,RFR,NONE,NONE,0.9680611537539722,2.2956375593087013,10.61999138584756,20.580000000000005
PCA,cpu_small,_Geometric_SMOTE,RNR,NONE,NONE,0.4452043440030457,9.658254442548822,187.34026053244617,54.85182055546584
PCA,cpu_small,_Geometric_SMOTE,SGDR,NONE,NONE,0.7745419579554282,6.893311707145058,74.94331892579746,39.7669192751376
PCA,cpu_small,_Geometric_SMOTE,SVR,NONE,NONE,0.8384834855621021,5.476064558069117,53.85943326451976,33.268595585791125
PCA,elevators,_Geometric_SMOTE,ABR,NONE,NONE,-1.9586002407234424,0.010595031653595002,0.0001323595742597829,0.04137734472575076
PCA,elevators,_Geometric_SMOTE,GBR,NONE,NONE,0.14500079842518726,0.004144974988197866,3.85751903512417e-05,0.04838516261240476
PCA,elevators,_Geometric_SMOTE,KNNR,NONE,NONE,-0.1858023263862372,0.004988310742789633,5.345990092383856e-05,0.04910582376791037
PCA,elevators,_Geometric_SMOTE,MLPR,NONE,NONE,-0.2180383769148418,0.00597105150578754,5.507688758262032e-05,0.04724217732708679
PCA,elevators,_Geometric_SMOTE,RFR,NONE,NONE,0.5675994566062345,0.002981083531918973,1.9507065643673377e-05,0.036884727489907766
PCA,elevators,_Geometric_SMOTE,RNR,NONE,NONE,-0.2833707547230805,0.0065334103462307575,5.78374122517265e-05,0.04663291034145617
PCA,elevators,_Geometric_SMOTE,SGDR,NONE,NONE,-0.25193102848475923,0.006429549630735966,5.6412597912448374e-05,0.04632021081700801
PCA,elevators,_Geometric_SMOTE,SVR,NONE,NONE,-6.016500895409004,0.014850881789632803,0.00031820268589754185,0.05048527442316947
PCA,fried,_Geometric_SMOTE,ABR,NONE,NONE,0.5237228057577715,2.7953129358140782,11.883750304706073,12.241472980450768
PCA,fried,_Geometric_SMOTE,GBR,NONE,NONE,0.7007378856810765,2.1143421505158497,7.470800425258221,13.29510830987626
PCA,fried,_Geometric_SMOTE,KNNR,NONE,NONE,0.6097010240306054,2.4110122002767937,9.743920623418537,15.251775363321626
PCA,fried,_Geometric_SMOTE,MLPR,NONE,NONE,0.6493807047768531,2.3230692329332765,8.759886013050725,13.691137002445748
PCA,fried,_Geometric_SMOTE,RFR,NONE,NONE,0.6989126922646243,2.104468157689334,7.5164732990098235,14.176244825520515
PCA,fried,_Geometric_SMOTE,RNR,NONE,NONE,0.023262445787360853,4.023039995229759,24.389164563317042,15.208155241026725
PCA,fried,_Geometric_SMOTE,SGDR,NONE,NONE,0.5052360472663843,2.7950198469180134,12.351323031219517,14.079097602350064
PCA,fried,_Geometric_SMOTE,SVR,NONE,NONE,0.7421087455304274,1.9354039676563235,6.438111851585845,14.282452455147475
PCA,puma32H,_Geometric_SMOTE,ABR,NONE,NONE,0.1992392456991144,0.021204956577738663,0.0007323246114284162,0.08203913693878079
PCA,puma32H,_Geometric_SMOTE,GBR,NONE,NONE,0.3412068828231964,0.018407059641401876,0.0006021248593714129,0.08409798802451678
PCA,puma32H,_Geometric_SMOTE,KNNR,NONE,NONE,-0.10814318087274663,0.023872700400745225,0.0010126006153807683,0.11657916050670496
PCA,puma32H,_Geometric_SMOTE,MLPR,NONE,NONE,0.0067610616367542965,0.022938991372331314,0.0009071117154803461,0.1014208628300848
PCA,puma32H,_Geometric_SMOTE,RFR,NONE,NONE,0.8688009156845489,0.008330306542030517,0.00011987711245374214,0.054578795518796
PCA,puma32H,_Geometric_SMOTE,RNR,NONE,NONE,0.15359010297797138,0.021398082095008927,0.000773709731085343,0.08758851159294036
PCA,puma32H,_Geometric_SMOTE,SGDR,NONE,NONE,0.10487271184413158,0.021529867160976483,0.0008181249397889433,0.09704360073114757
PCA,puma32H,_Geometric_SMOTE,SVR,NONE,NONE,-0.010623996578156205,0.024072284643198882,0.0009238444293856769,0.1045710934948129
PCA,abalone,_SMOTE,ABR,NONE,NONE,0.3361242251752875,2.140108655206222,6.8974540555270005,10.988595732409868
PCA,abalone,_SMOTE,GBR,NONE,NONE,0.5169072913219684,1.6613513649683522,5.018142505451747,10.450675629102383
PCA,abalone,_SMOTE,KNNR,NONE,NONE,0.40756577820369705,1.799039068808606,6.152156602824308,12.28
PCA,abalone,_SMOTE,MLPR,NONE,NONE,0.5127983069787879,1.6691338603754893,5.059655070699284,14.619891214877885
PCA,abalone,_SMOTE,RFR,NONE,NONE,0.5014993818996899,1.6709655741057958,5.179742439450618,10.739257450326702
PCA,abalone,_SMOTE,RNR,NONE,NONE,-0.008042769640863813,2.383134695602972,10.47405014316725,16.53547753931688
PCA,abalone,_SMOTE,SGDR,NONE,NONE,0.4932429235605486,1.7612215864573049,5.264990123208814,12.606909749334395
PCA,abalone,_SMOTE,SVR,NONE,NONE,0.5447279089483157,1.6004235405106662,4.729750839806667,10.63968738685622
PCA,ailerons,_SMOTE,ABR,NONE,NONE,-0.5015567481446094,0.0004428883941798913,2.495646374571423e-07,0.0018175019481483587
PCA,ailerons,_SMOTE,GBR,NONE,NONE,0.3449046608525849,0.00026254784018843745,1.0891917074477381e-07,0.001828213382268405
PCA,ailerons,_SMOTE,KNNR,NONE,NONE,-0.449665829754096,0.000377875203679284,2.409733066558721e-07,0.002332588432673647
PCA,ailerons,_SMOTE,MLPR,NONE,NONE,-15.435139836406055,0.000966446764459984,2.7284281347439742e-06,0.01806742494682304
PCA,ailerons,_SMOTE,RFR,NONE,NONE,0.3996634034370349,0.00024555028282468466,9.983464235998344e-08,0.001771349565247599
PCA,ailerons,_SMOTE,RNR,NONE,NONE,-0.5365029472299349,0.00043862572220268464,2.553968164222102e-07,0.0021923123947812707
PCA,ailerons,_SMOTE,SGDR,NONE,NONE,-0.4715883651097354,0.0004279253536103969,2.446820735909492e-07,0.0021770067805001662
PCA,ailerons,_SMOTE,SVR,NONE,NONE,-5.293566429524244,0.0009593963636363668,1.0466098181818242e-06,0.0016500000000000024
PCA,autoPrice,_SMOTE,ABR,NONE,NONE,0.811043155363832,1753.2988969075616,5931274.00701765,7581.715479880509
PCA,autoPrice,_SMOTE,GBR,NONE,NONE,0.8518829003585937,1305.658118198064,4293347.871972812,6304.727699424026
PCA,autoPrice,_SMOTE,KNNR,NONE,NONE,0.5722351239282636,2293.8833588886555,12528669.257739196,11206.847125092381
PCA,autoPrice,_SMOTE,MLPR,NONE,NONE,-4.5358015157341365,11415.074279111817,164539740.6926021,27354.510096896214
PCA,autoPrice,_SMOTE,RFR,NONE,NONE,0.8534224968138838,1402.1884534047585,4501161.143304619,6307.789198499224
PCA,autoPrice,_SMOTE,RNR,NONE,NONE,-0.7822466075894408,6229.95642302383,49516342.97117336,14617.480619912625
PCA,autoPrice,_SMOTE,SGDR,NONE,NONE,0.4248839806877539,3454.4492972649305,17056108.13765842,9156.853082210026
PCA,autoPrice,_SMOTE,SVR,NONE,NONE,-1.2919735076248824,7018.2380136318125,62218081.82361469,14265.236288886985
PCA,bank32nh,_SMOTE,ABR,NONE,NONE,-0.16916716673274995,0.11900807855846388,0.017260651861597153,0.3865828462265576
PCA,bank32nh,_SMOTE,GBR,NONE,NONE,0.4604093392457127,0.06503956828627325,0.007988112808885495,0.4181694247637785
PCA,bank32nh,_SMOTE,KNNR,NONE,NONE,0.018265341442926374,0.08474980280019109,0.014507491804962322,0.4792539990844452
PCA,bank32nh,_SMOTE,MLPR,NONE,NONE,0.4762952206124101,0.06332110508067681,0.007723974231742978,0.3875349476303229
PCA,bank32nh,_SMOTE,RFR,NONE,NONE,0.4717559094433645,0.06183074653725645,0.007820053419343794,0.4439218710571081
PCA,bank32nh,_SMOTE,RNR,NONE,NONE,-0.3618766378078434,0.12797967067006594,0.02017098958126737,0.5234301824366749
PCA,bank32nh,_SMOTE,SGDR,NONE,NONE,0.3366009164241396,0.07631893481333586,0.009817871280689871,0.4529855745697734
PCA,bank32nh,_SMOTE,SVR,NONE,NONE,0.4609463511572797,0.06634908881101256,0.007976316205204139,0.4017532629418624
PCA,bank8FM,_SMOTE,ABR,NONE,NONE,0.8540502507839867,0.049357693068230034,0.0033676849280858553,0.21190730141163966
PCA,bank8FM,_SMOTE,GBR,NONE,NONE,0.9254627565766451,0.029701266681610976,0.0017195087082625426,0.19971231079134147
PCA,bank8FM,_SMOTE,KNNR,NONE,NONE,0.8801612751845309,0.035531141601983084,0.0027628662498577513,0.2368067617834017
PCA,bank8FM,_SMOTE,MLPR,NONE,NONE,0.9133595986475104,0.032940140006071324,0.00199908163752818,0.19598721510209005
PCA,bank8FM,_SMOTE,RFR,NONE,NONE,0.9272372033378524,0.028533744024739183,0.0016791288809819946,0.19677591847006976
PCA,bank8FM,_SMOTE,RNR,NONE,NONE,-0.4833539471437082,0.16519047192578534,0.034196164437658015,0.4100129181208729
PCA,bank8FM,_SMOTE,SGDR,NONE,NONE,0.8065796662605248,0.05344308158663602,0.0044565849116272845,0.2271256238582537
PCA,bank8FM,_SMOTE,SVR,NONE,NONE,0.9055682209144024,0.03648511719503345,0.0021786716302333075,0.19121059809198251
PCA,cpu_act,_SMOTE,ABR,NONE,NONE,0.9160237606128906,4.5797417802112195,28.149696559218512,17.48724553212449
PCA,cpu_act,_SMOTE,GBR,NONE,NONE,0.9669707571106816,2.435801865930478,11.098292474639218,15.451020686803153
PCA,cpu_act,_SMOTE,KNNR,NONE,NONE,0.8081440996346384,5.844012430565791,64.4624988539887,29.991361152170768
PCA,cpu_act,_SMOTE,MLPR,NONE,NONE,0.7932630139706205,6.7869401295361005,69.20852448493342,37.26894166394228
PCA,cpu_act,_SMOTE,RFR,NONE,NONE,0.9734488592444386,2.1002716840411497,8.939704435946958,17.192
PCA,cpu_act,_SMOTE,RNR,NONE,NONE,0.5773885680024217,10.365583668355457,141.99983127930508,31.74532100650923
PCA,cpu_act,_SMOTE,SGDR,NONE,NONE,0.7268931057545348,7.667806745022192,91.57040797817407,48.9585114439478
PCA,cpu_act,_SMOTE,SVR,NONE,NONE,0.8092957810840161,5.8929199425230285,63.954563055631894,34.62703102900757
PCA,cpu_small,_SMOTE,ABR,NONE,NONE,0.8821168621149813,5.398720473748231,39.21362923833238,19.792204126553592
PCA,cpu_small,_SMOTE,GBR,NONE,NONE,0.9413625594410616,3.2669432153051448,19.500722780359176,21.166129225804433
PCA,cpu_small,_SMOTE,KNNR,NONE,NONE,0.8030920782643399,5.8905382975263025,65.76385880279297,31.040000000000006
PCA,cpu_small,_SMOTE,MLPR,NONE,NONE,0.7704863552065653,7.040917624231166,76.00529957814327,41.34653276183828
PCA,cpu_small,_SMOTE,RFR,NONE,NONE,0.9685971817640476,2.302041030564941,10.459781656491463,17.878521934590328
PCA,cpu_small,_SMOTE,RNR,NONE,NONE,0.5792765162630191,10.316040365291972,140.66863099042195,31.616397272188287
PCA,cpu_small,_SMOTE,SGDR,NONE,NONE,0.7252350164798179,7.63726709548475,91.23411890590585,47.5437458503941
PCA,cpu_small,_SMOTE,SVR,NONE,NONE,0.8090882568014702,5.872403267878496,63.59491833987346,33.72257567247145
PCA,elevators,_SMOTE,ABR,NONE,NONE,-1.986295012858232,0.010680684493826306,0.0001338302715005525,0.03679999558245441
PCA,elevators,_SMOTE,GBR,NONE,NONE,0.1379639845518876,0.005057356526346395,3.885813592331633e-05,0.041172502001171986
PCA,elevators,_SMOTE,KNNR,NONE,NONE,-0.6048496685539261,0.006177034882101942,7.226904033585947e-05,0.045878884149568235
PCA,elevators,_SMOTE,MLPR,NONE,NONE,-0.21931878579351896,0.006095804763568518,5.49807585128474e-05,0.045644429401952034
PCA,elevators,_SMOTE,RFR,NONE,NONE,0.5773360103845686,0.003218999452516577,1.9049686337266968e-05,0.03350598398771003
PCA,elevators,_SMOTE,RNR,NONE,NONE,-0.3694621761957117,0.00685867484666809,6.171318053657425e-05,0.04617961012995191
PCA,elevators,_SMOTE,SGDR,NONE,NONE,-0.3256493167165722,0.006706820550572227,5.977320315384414e-05,0.04583205124893956
PCA,elevators,_SMOTE,SVR,NONE,NONE,-11.739847541154466,0.0231897402323969,0.000573589704548837,0.0334
PCA,fried,_SMOTE,ABR,NONE,NONE,0.6763974523573884,2.2663804314107763,8.080560821161313,11.121532229265103
PCA,fried,_SMOTE,GBR,NONE,NONE,0.7212806018981959,2.03836086223014,6.958001275509679,13.454370624569249
PCA,fried,_SMOTE,KNNR,NONE,NONE,0.6090034576794766,2.3967213736064537,9.763142029479775,16.476858089264294
PCA,fried,_SMOTE,MLPR,NONE,NONE,0.7589773054892585,1.8698223788674828,6.015836903781128,14.60783946108884
PCA,fried,_SMOTE,RFR,NONE,NONE,0.7643828528142456,1.8590444394857115,5.88330487290032,13.943860901075064
PCA,fried,_SMOTE,RNR,NONE,NONE,0.004994137597216053,4.05731505755485,24.84540239145307,15.442232790189696
PCA,fried,_SMOTE,SGDR,NONE,NONE,0.5308598828904995,2.7266929131921156,11.71070416879856,14.039494460908065
PCA,fried,_SMOTE,SVR,NONE,NONE,0.7922953180631245,1.7130957931966733,5.185419404326772,13.768659860289295
PCA,puma32H,_SMOTE,ABR,NONE,NONE,0.5954095118717023,0.015597329487121753,0.00037009644403841833,0.058230412511647935
PCA,puma32H,_SMOTE,GBR,NONE,NONE,0.8217365104081015,0.009998491000749584,0.00016293183071525733,0.04933879629402306
PCA,puma32H,_SMOTE,KNNR,NONE,NONE,-0.40577568832697786,0.026159326091741115,0.0012852845875394152,0.1264440785612893
PCA,puma32H,_SMOTE,MLPR,NONE,NONE,-0.060732737955574184,0.02379863255321671,0.0009701045726641348,0.11328590958697166
PCA,puma32H,_SMOTE,RFR,NONE,NONE,0.8193776342148343,0.0099259040129682,0.00016518672174037694,0.05178798196235422
PCA,puma32H,_SMOTE,RNR,NONE,NONE,0.11746306406540775,0.021670152647215942,0.000806701590749122,0.09030094605423272
PCA,puma32H,_SMOTE,SGDR,NONE,NONE,0.056919660116405625,0.02186937778963576,0.0008617521806734388,0.10042363480848966
PCA,puma32H,_SMOTE,SVR,NONE,NONE,-0.001872399276136738,0.02347642090690816,0.0009168236712223137,0.08643189999999998
PCA,abalone,_smoteSVM,ABR,NONE,NONE,0.36993380669498943,2.101406856156089,6.546703589864515,10.423027979937787
PCA,abalone,_smoteSVM,GBR,NONE,NONE,0.5418870304000133,1.5497490269295071,4.758028677263965,12.391299777366312
PCA,abalone,_smoteSVM,KNNR,NONE,NONE,0.4835558564875805,1.6598483279906282,5.364328934660678,11.6
PCA,abalone,_smoteSVM,MLPR,NONE,NONE,0.5393607858024355,1.5550441910268318,4.785166883048868,12.762891151320984
PCA,abalone,_smoteSVM,RFR,NONE,NONE,0.5372495784740978,1.5684502495532076,4.808366030239073,11.069381394641333
PCA,abalone,_smoteSVM,RNR,NONE,NONE,-0.012160321576959987,2.358180432683045,10.515353955372976,16.778663363028677
PCA,abalone,_smoteSVM,SGDR,NONE,NONE,0.4871304272858802,1.6255507312369477,5.328236844438143,12.845649579476644
PCA,abalone,_smoteSVM,SVR,NONE,NONE,0.5149356948591746,1.5511361746280719,5.039071107974115,12.580855891392114
PCA,ailerons,_smoteSVM,ABR,NONE,NONE,-0.6048031373823972,0.0004562461420399901,2.665255334897689e-07,0.0018247829434471148
PCA,ailerons,_smoteSVM,GBR,NONE,NONE,0.3601621904350942,0.000254947588944266,1.0637150382369734e-07,0.0019192999022369594
PCA,ailerons,_smoteSVM,KNNR,NONE,NONE,-0.2905211110447797,0.00035099671113927465,2.1446411662920175e-07,0.0025285168987563824
PCA,ailerons,_smoteSVM,MLPR,NONE,NONE,-18.581677322639198,0.0010820513190015393,3.2499629590797628e-06,0.016606183739059338
PCA,ailerons,_smoteSVM,RFR,NONE,NONE,0.3955039330816132,0.00024277545735699047,1.0051822990087883e-07,0.0019006708871118871
PCA,ailerons,_smoteSVM,RNR,NONE,NONE,-0.5815456844318284,0.0004460284885701912,2.628087929397566e-07,0.0021943038588672255
PCA,ailerons,_smoteSVM,SGDR,NONE,NONE,-0.4638527228498023,0.0004254926336448459,2.432817517926632e-07,0.00218979800752102
PCA,ailerons,_smoteSVM,SVR,NONE,NONE,-10.199082801592755,0.0012981732614115195,1.8552648075898377e-06,0.001982423420355205
PCA,autoPrice,_smoteSVM,ABR,NONE,NONE,0.7955932435879187,1837.8602856474865,6724210.017097037,8246.977946188641
PCA,autoPrice,_smoteSVM,GBR,NONE,NONE,0.8545853850029046,1330.131443069666,4639088.831552623,7361.685189368016
PCA,autoPrice,_smoteSVM,KNNR,NONE,NONE,0.5410667266558746,2486.3339329469964,14841282.020603258,12077.960626917762
PCA,autoPrice,_smoteSVM,MLPR,NONE,NONE,-4.5387299667700445,11418.80059328138,164611905.17422578,27358.396420329278
PCA,autoPrice,_smoteSVM,RFR,NONE,NONE,0.8497892709973275,1391.8159164909016,4644251.528441103,7297.604330105616
PCA,autoPrice,_smoteSVM,RNR,NONE,NONE,-0.36211799049281135,5486.659817844352,40374919.35610826,14877.976736575427
PCA,autoPrice,_smoteSVM,SGDR,NONE,NONE,0.41562560167448104,3573.107573894987,18080111.141943894,9864.259819260693
PCA,autoPrice,_smoteSVM,SVR,NONE,NONE,-0.7669992406203292,5751.154329216103,49340307.68252468,15976.123082924723
PCA,bank32nh,_smoteSVM,ABR,NONE,NONE,-0.05804104379690715,0.11395804018359833,0.015633208778723248,0.3921880993060013
PCA,bank32nh,_smoteSVM,GBR,NONE,NONE,0.4881263737073646,0.06242668845096196,0.007587068491565377,0.4498430949363871
PCA,bank32nh,_smoteSVM,KNNR,NONE,NONE,0.29007920312553537,0.07268091901254467,0.010511269740086742,0.4850459847492742
PCA,bank32nh,_smoteSVM,MLPR,NONE,NONE,0.4865694013143619,0.06236612166510529,0.007610533159928695,0.4484791241541788
PCA,bank32nh,_smoteSVM,RFR,NONE,NONE,0.4947416370999088,0.059285232472073436,0.007489733843461519,0.4819004798768903
PCA,bank32nh,_smoteSVM,RNR,NONE,NONE,-0.08303822721613745,0.10689486392459896,0.016054487206545096,0.5668446020831072
PCA,bank32nh,_smoteSVM,SGDR,NONE,NONE,0.3915338969143189,0.07067428377031608,0.009023539295879191,0.5129810247716465
PCA,bank32nh,_smoteSVM,SVR,NONE,NONE,0.4610462155264473,0.07014929296643464,0.007986050838906905,0.4342482112270547
PCA,bank8FM,_smoteSVM,ABR,NONE,NONE,0.8485022366997651,0.05034750566274402,0.0034928917155131896,0.21468070677673454
PCA,bank8FM,_smoteSVM,GBR,NONE,NONE,0.9101331768234544,0.03202077230807153,0.002071571260597808,0.2070835389612081
PCA,bank8FM,_smoteSVM,KNNR,NONE,NONE,0.8841947975257171,0.035129397905202524,0.002669308068378723,0.2380998615164991
PCA,bank8FM,_smoteSVM,MLPR,NONE,NONE,0.9038262641566344,0.03433257895245083,0.0022185580091069763,0.202141589996372
PCA,bank8FM,_smoteSVM,RFR,NONE,NONE,0.9231680097527384,0.02916328558081192,0.0017722244195996402,0.20037007827007974
PCA,bank8FM,_smoteSVM,RNR,NONE,NONE,-0.2848108123586945,0.15193046669355495,0.02962250574662152,0.4529501110004374
PCA,bank8FM,_smoteSVM,SGDR,NONE,NONE,0.8176126749009098,0.05171334034824037,0.004202306485849029,0.2585043294722744
PCA,bank8FM,_smoteSVM,SVR,NONE,NONE,0.8994240172779676,0.03749668122306361,0.0023178786264870872,0.180967919092762
PCA,cpu_act,_smoteSVM,ABR,NONE,NONE,0.9119465760465651,4.696884319534755,29.4848074842576,17.83089155301979
PCA,cpu_act,_smoteSVM,GBR,NONE,NONE,0.9659338017728792,2.4711107534080234,11.441655993969553,18.96083013909751
PCA,cpu_act,_smoteSVM,KNNR,NONE,NONE,0.8427463969114097,5.263908783237643,52.90757114920875,35.36
PCA,cpu_act,_smoteSVM,MLPR,NONE,NONE,0.8122325127164132,6.298572651943637,62.940037396082054,45.4392385827383
PCA,cpu_act,_smoteSVM,RFR,NONE,NONE,0.9739639913516006,2.078986505664358,8.753770464680734,18.59
PCA,cpu_act,_smoteSVM,RNR,NONE,NONE,0.4590741050424254,9.545698026692973,182.71556309338243,54.13184660448386
PCA,cpu_act,_smoteSVM,SGDR,NONE,NONE,0.7799181396295317,6.7872382862677405,73.92276838182694,41.985145697605695
PCA,cpu_act,_smoteSVM,SVR,NONE,NONE,0.8394359869521592,5.4443483627059015,53.91885210029518,33.55194694724072
PCA,cpu_small,_smoteSVM,ABR,NONE,NONE,0.8899732476509481,5.203810448141937,36.87612808665466,20.449699745010303
PCA,cpu_small,_smoteSVM,GBR,NONE,NONE,0.9437490275727292,3.2517217545241026,18.66092564630076,23.148738934826607
PCA,cpu_small,_smoteSVM,KNNR,NONE,NONE,0.8414185150714106,5.26553269251256,52.86725259527945,34.56
PCA,cpu_small,_smoteSVM,MLPR,NONE,NONE,0.8053910773330623,6.4072686991508965,64.5253739591654,43.75689767937643
PCA,cpu_small,_smoteSVM,RFR,NONE,NONE,0.9676803870627312,2.3076080682926317,10.704201630092502,19.616
PCA,cpu_small,_smoteSVM,RNR,NONE,NONE,0.44834012911614096,9.63735793999244,185.5703011352109,54.54714326131178
PCA,cpu_small,_smoteSVM,SGDR,NONE,NONE,0.7749822690843335,6.857679114667669,74.71776557843877,39.8866372471935
PCA,cpu_small,_smoteSVM,SVR,NONE,NONE,0.8383161238286547,5.470105424014244,53.848266313276774,33.370014760909484
PCA,elevators,_smoteSVM,ABR,NONE,NONE,-3.4777001854118037,0.013270250224470068,0.00020144107276139065,0.034232073498981004
PCA,elevators,_smoteSVM,GBR,NONE,NONE,-0.018635315996539264,0.0055920595729398925,4.592269994266076e-05,0.03969400987623321
PCA,elevators,_smoteSVM,KNNR,NONE,NONE,-0.8906818883831128,0.006443058750646835,8.529966048968482e-05,0.0530460006562546
PCA,elevators,_smoteSVM,MLPR,NONE,NONE,-0.5415185122291867,0.007171745794062623,6.954761825430595e-05,0.04449733050791862
PCA,elevators,_smoteSVM,RFR,NONE,NONE,0.5514051595182276,0.0033115737137344053,2.0240229857745504e-05,0.03481025001017034
PCA,elevators,_smoteSVM,RNR,NONE,NONE,-0.6351382699711312,0.007712010363947008,7.371088621922748e-05,0.04471565384013028
PCA,elevators,_smoteSVM,SGDR,NONE,NONE,-0.6143134058175003,0.007662531278646331,7.275685633209217e-05,0.04447887275206365
PCA,elevators,_smoteSVM,SVR,NONE,NONE,-21.647126216610413,0.03109026288332845,0.0010203932521602856,0.040644460785526026
PCA,fried,_smoteSVM,ABR,NONE,NONE,0.6257925369925669,2.4598526841559454,9.344021661794127,11.16928805197912
PCA,fried,_smoteSVM,GBR,NONE,NONE,0.7381042129226598,1.9743180720109856,6.5382415545063735,12.439582745251546
PCA,fried,_smoteSVM,KNNR,NONE,NONE,0.6563426107632565,2.263392219452089,8.581744205290294,15.603030403992241
PCA,fried,_smoteSVM,MLPR,NONE,NONE,0.7304306989372623,2.0068434632986927,6.727640595836999,13.621944529389445
PCA,fried,_smoteSVM,RFR,NONE,NONE,0.7720002352357268,1.8402918959575936,5.69341010079696,12.236899425006552
PCA,fried,_smoteSVM,RNR,NONE,NONE,0.006188218411916857,4.0551761556768815,24.81551485667255,15.431032245536807
PCA,fried,_smoteSVM,SGDR,NONE,NONE,0.5827988648611729,2.5631475981630523,10.415355674590224,13.07694548305609
PCA,fried,_smoteSVM,SVR,NONE,NONE,0.7711055671546116,1.8198148698248613,5.7152101932557215,13.145224818038976
PCA,puma32H,_smoteSVM,ABR,NONE,NONE,0.450441790843198,0.01759774629953318,0.0005035252560207915,0.0707878074784365
PCA,puma32H,_smoteSVM,GBR,NONE,NONE,0.8012033530940543,0.010332650391314115,0.00018171173606208797,0.0582473074627375
PCA,puma32H,_smoteSVM,KNNR,NONE,NONE,-0.31852729982659345,0.0253384649888568,0.0012054311537225085,0.12593499923783374
PCA,puma32H,_smoteSVM,MLPR,NONE,NONE,-0.1148905313789613,0.02390581834334727,0.0010183113407874196,0.11080787215644734
PCA,puma32H,_smoteSVM,RFR,NONE,NONE,0.86812739044224,0.008560664846791362,0.00012055342096472884,0.05458752556392983
PCA,puma32H,_smoteSVM,RNR,NONE,NONE,-0.024018349693390402,0.02303137333102116,0.0009355789250673684,0.09747297353245653
PCA,puma32H,_smoteSVM,SGDR,NONE,NONE,-0.094195250820287,0.02304091704271996,0.0009995473944509699,0.1090164485320249
PCA,puma32H,_smoteSVM,SVR,NONE,NONE,-0.010835777380075684,0.02368327197882976,0.0009246962947698225,0.08790459220976132
PCA,abalone,_train,ABR,NONE,NONE,0.3195283028720089,2.2327510683799225,7.074600930378027,10.179179888041244
PCA,abalone,_train,GBR,NONE,NONE,0.5616770754791063,1.5172679493735273,4.555426066586435,11.159758376611428
PCA,abalone,_train,KNNR,NONE,NONE,0.5184873910340376,1.5925167464114833,5.001153322064007,11.52
PCA,abalone,_train,MLPR,NONE,NONE,0.5392584347856217,1.5657280397580111,4.785294628779512,12.615577741129234
PCA,abalone,_train,RFR,NONE,NONE,0.5504046778853678,1.5450764117697615,4.671912243761281,10.782
PCA,abalone,_train,RNR,NONE,NONE,0.0019311823723375363,2.3597332612318156,10.369031534950912,16.438614174170834
PCA,abalone,_train,SGDR,NONE,NONE,0.4970805393927825,1.6464704303110254,5.225277335129745,12.532477392292586
PCA,abalone,_train,SVR,NONE,NONE,0.545283544587522,1.4979909241086162,4.7240627915413365,11.791936791380815
PCA,ailerons,_train,ABR,NONE,NONE,-0.2664863660003247,0.000400242856240066,2.105938556287496e-07,0.0018687136365225312
PCA,ailerons,_train,GBR,NONE,NONE,0.3731877756695304,0.00023944721055746317,1.0425093617053544e-07,0.002190039199996513
PCA,ailerons,_train,KNNR,NONE,NONE,0.04788909207615925,0.0002999738181818183,1.5828561454545454e-07,0.00238
PCA,ailerons,_train,MLPR,NONE,NONE,-20.205191457288198,0.0011038844202928232,3.5035618383802124e-06,0.017296866657070052
PCA,ailerons,_train,RFR,NONE,NONE,0.4169167387730727,0.00023262394725789482,9.698106660682033e-08,0.0020479022541610627
PCA,ailerons,_train,RNR,NONE,NONE,0.005939215895897188,0.0003128782828614764,1.6527622579408253e-07,0.0024919238425014033
PCA,ailerons,_train,SGDR,NONE,NONE,0.03937619556177552,0.0003059932955962936,1.5971805135746662e-07,0.0024790343657533093
PCA,ailerons,_train,SVR,NONE,NONE,-5.293566429524244,0.0009593963636363668,1.0466098181818242e-06,0.0016500000000000024
PCA,autoPrice,_train,ABR,NONE,NONE,0.7995409119675323,1755.8539084785918,6482547.920233312,8265.252038920831
PCA,autoPrice,_train,GBR,NONE,NONE,0.8541395004425333,1235.8277105945167,3938437.080656773,6847.972372391551
PCA,autoPrice,_train,KNNR,NONE,NONE,0.6016633438548906,2288.016693548387,12689859.043435482,10731.6
PCA,autoPrice,_train,MLPR,NONE,NONE,-4.55134363398062,11431.296036934009,164886187.62411433,27371.22682579589
PCA,autoPrice,_train,RFR,NONE,NONE,0.8514944262895895,1355.1057322244624,4631548.424721965,7728.431999999999
PCA,autoPrice,_train,RNR,NONE,NONE,-0.05955814897919068,4599.688025860427,34768985.21983622,15935.002989665354
PCA,autoPrice,_train,SGDR,NONE,NONE,0.4712115730545661,3189.5630882812306,17949497.88908168,11277.728835491593
PCA,autoPrice,_train,SVR,NONE,NONE,-0.18543641519595214,4173.488558724169,39932292.245902464,18278.88377870559
PCA,bank32nh,_train,ABR,NONE,NONE,0.015136095583188148,0.10788805823712737,0.014513477688584762,0.3831669781979333
PCA,bank32nh,_train,GBR,NONE,NONE,0.5387636622701775,0.05467348772110912,0.006838137781350675,0.4696136967457784
PCA,bank32nh,_train,KNNR,NONE,NONE,0.3939079082189892,0.0615164562765795,0.008978383815330978,0.51053188
PCA,bank32nh,_train,MLPR,NONE,NONE,0.5333545978104539,0.05550299977954583,0.006917718300292558,0.4576247368825189
PCA,bank32nh,_train,RFR,NONE,NONE,0.5245796010789531,0.05569966120381833,0.0070485981330187485,0.4828167454512046
PCA,bank32nh,_train,RNR,NONE,NONE,0.01626088947936808,0.08888317273472171,0.014591948618013013,0.6036226908432049
PCA,bank32nh,_train,SGDR,NONE,NONE,0.4207362196278718,0.06303590244062371,0.008596090328216201,0.5241981300279397
PCA,bank32nh,_train,SVR,NONE,NONE,0.4779861767685018,0.06817784489932963,0.007733634845980539,0.43292819655298176
PCA,bank8FM,_train,ABR,NONE,NONE,0.8612684154201407,0.04807545554792525,0.003199255282246687,0.21162454276991646
PCA,bank8FM,_train,GBR,NONE,NONE,0.9307978850177376,0.02871673767398332,0.0015965248461410804,0.19241130542021664
PCA,bank8FM,_train,KNNR,NONE,NONE,0.9041535112923191,0.032581764150361195,0.002210684779966718,0.21116224
PCA,bank8FM,_train,MLPR,NONE,NONE,0.918922290944385,0.031456504529973624,0.0018695111323807567,0.18452536352030566
PCA,bank8FM,_train,RFR,NONE,NONE,0.9300823663749066,0.0281091292141376,0.0016133174181143565,0.20199284686666655
PCA,bank8FM,_train,RNR,NONE,NONE,0.04807877436461696,0.1206872287458682,0.02196006769108357,0.5328898713473338
PCA,bank8FM,_train,SGDR,NONE,NONE,0.8315893688476809,0.04741271655719065,0.003882078039324511,0.3031220392172326
PCA,bank8FM,_train,SVR,NONE,NONE,0.9032537073998016,0.037702994375327606,0.002232862894417612,0.17827483926801704
PCA,cpu_act,_train,ABR,NONE,NONE,0.925712003819618,4.247001390914448,24.973475900623196,17.652819230666193
PCA,cpu_act,_train,GBR,NONE,NONE,0.9716663089239423,2.2267024159563102,9.513222475088153,17.05367588254484
PCA,cpu_act,_train,KNNR,NONE,NONE,0.8545488635305434,4.889593955634224,48.84925513263768,35.36
PCA,cpu_act,_train,MLPR,NONE,NONE,0.8243087864325794,5.6209051887093295,59.05664863216151,38.10143343782107
PCA,cpu_act,_train,RFR,NONE,NONE,0.9750157902268276,2.023547181379396,8.40404743492898,18.502
PCA,cpu_act,_train,RNR,NONE,NONE,0.5993908813558715,8.06433360728193,135.22972879152843,44.47154768571114
PCA,cpu_act,_train,SGDR,NONE,NONE,0.8001260418483038,5.9478507860305445,67.10186689696764,43.109833316715154
PCA,cpu_act,_train,SVR,NONE,NONE,0.8327787923496484,5.253500342735277,56.12685648356685,37.67250211618432
PCA,cpu_small,_train,ABR,NONE,NONE,0.9133579683442477,4.561322163782402,29.01631471988175,17.166520761341538
PCA,cpu_small,_train,GBR,NONE,NONE,0.9570373058314664,2.7732088274622653,14.242055679048956,20.87952208688701
PCA,cpu_small,_train,KNNR,NONE,NONE,0.8551301876759089,4.871610298724394,48.47352373800696,34.56
PCA,cpu_small,_train,MLPR,NONE,NONE,0.8209881702379815,5.63873247303745,59.512902571939634,38.260289418534214
PCA,cpu_small,_train,RFR,NONE,NONE,0.9705447502576486,2.20821135315095,9.805561988764406,18.428
PCA,cpu_small,_train,RNR,NONE,NONE,0.5988573171677702,8.067907627909202,135.6152455381793,44.52034921986755
PCA,cpu_small,_train,SGDR,NONE,NONE,0.7979255164977389,5.9644821923165035,67.20023743325021,41.29525307358266
PCA,cpu_small,_train,SVR,NONE,NONE,0.833461574787162,5.223249246888244,55.51493161936016,37.57076957986903
PCA,elevators,_train,ABR,NONE,NONE,-1.7951700485594415,0.010206393257004162,0.0001255260234292454,0.035128372823703936
PCA,elevators,_train,GBR,NONE,NONE,0.3566312021809034,0.00357918150001026,2.902118137215505e-05,0.04344346913483503
PCA,elevators,_train,KNNR,NONE,NONE,-0.05915161495831945,0.004631589014690882,4.775815453994345e-05,0.04856
PCA,elevators,_train,MLPR,NONE,NONE,-0.00805848197906347,0.0045673851467484036,4.5443299759855486e-05,0.049436167810668376
PCA,elevators,_train,RFR,NONE,NONE,0.5736333665630886,0.0029609011681674077,1.9235063047580162e-05,0.037977889952737334
PCA,elevators,_train,RNR,NONE,NONE,0.011628558099355502,0.004543752994897356,4.458455273652837e-05,0.05020009946462691
PCA,elevators,_train,SGDR,NONE,NONE,0.03592312727450018,0.004478364781565668,4.348915752073964e-05,0.049963539779214736
PCA,elevators,_train,SVR,NONE,NONE,-11.739847541154466,0.0231897402323969,0.000573589704548837,0.0334
PCA,fried,_train,ABR,NONE,NONE,0.6612955173880593,2.3453288707980247,8.458244137921316,11.237404519966017
PCA,fried,_train,GBR,NONE,NONE,0.7895229533113822,1.7764683950945457,5.2557379101911605,11.278475163522492
PCA,fried,_train,KNNR,NONE,NONE,0.7048306448179726,2.127530920368579,7.370059681465364,14.04544
PCA,fried,_train,MLPR,NONE,NONE,0.7871312552238874,1.7743048809543172,5.318908217077395,12.161633164717276
PCA,fried,_train,RFR,NONE,NONE,0.7875064541314585,1.7832235276367498,5.305962827053377,12.323999999999998
PCA,fried,_train,RNR,NONE,NONE,0.0025063151348123872,4.061278318057057,24.90749295134993,15.4784964530125
PCA,fried,_train,SGDR,NONE,NONE,0.6139092529329062,2.480826830828464,9.640472968307373,11.90289766991024
PCA,fried,_train,SVR,NONE,NONE,0.8152019123153375,1.6236997195093967,4.613772605197888,12.600558736240938
PCA,puma32H,_train,ABR,NONE,NONE,0.7665161721379473,0.01156170894487034,0.0002134295676434537,0.05338434780386926
PCA,puma32H,_train,GBR,NONE,NONE,0.8184282483160719,0.009963939072674632,0.00016593845511769963,0.04938511282309767
PCA,puma32H,_train,KNNR,NONE,NONE,0.05486190239092202,0.022526920752670147,0.0008640788227177156,0.10284916000000002
PCA,puma32H,_train,MLPR,NONE,NONE,0.09533806565398373,0.02277866744408214,0.0008269302878903156,0.09237810005256868
PCA,puma32H,_train,RFR,NONE,NONE,0.8829118578803914,0.008082284393883952,0.00010697933250045003,0.04194978503412698
PCA,puma32H,_train,RNR,NONE,NONE,0.1853861732698376,0.02148057507815064,0.0007451714964217619,0.07633534868304008
PCA,puma32H,_train,SGDR,NONE,NONE,0.20569240456953905,0.02111936942006553,0.0007263959263258237,0.08080942155710548
PCA,puma32H,_train,SVR,NONE,NONE,-0.001872399276136738,0.02347642090690816,0.0009168236712223137,0.08643189999999998
PCA,abalone,_dto_smoter_solid_angle_10.0,ABR,solid_angle,10.0,0.3159665921016588,2.2055417590744018,7.110187409860401,10.490294078937064
PCA,abalone,_dto_smoter_solid_angle_10.0,GBR,solid_angle,10.0,0.5174442177221943,1.6534838663924505,5.0138514512513295,11.013582207572114
PCA,abalone,_dto_smoter_solid_angle_10.0,KNNR,solid_angle,10.0,0.4530691816541871,1.7596611188960267,5.682136477416076,10.823031244137518
PCA,abalone,_dto_smoter_solid_angle_10.0,MLPR,solid_angle,10.0,0.5153685966743625,1.671770123114753,5.034494113890709,13.13079417058059
PCA,abalone,_dto_smoter_solid_angle_10.0,RFR,solid_angle,10.0,0.5122161176463613,1.6628415029413006,5.0677155212073215,10.713525189722244
PCA,abalone,_dto_smoter_solid_angle_10.0,RNR,solid_angle,10.0,-0.009692827696983208,2.384747840038453,10.4911852078959,16.560807236917654
PCA,abalone,_dto_smoter_solid_angle_10.0,SGDR,solid_angle,10.0,0.4776594826449201,1.795715119873968,5.426796089481777,11.870710618019785
PCA,abalone,_dto_smoter_solid_angle_10.0,SVR,solid_angle,10.0,0.5410759758789718,1.6033047763172952,4.767169849258908,10.826909702374012
PCA,ailerons,_dto_smoter_solid_angle_10.0,ABR,solid_angle,10.0,-0.4723317756001588,0.0004375701385576549,2.447054089356171e-07,0.0018203380397689528
PCA,ailerons,_dto_smoter_solid_angle_10.0,GBR,solid_angle,10.0,0.3560398440272973,0.00025959590954233196,1.0707410080814093e-07,0.001958558219817213
PCA,ailerons,_dto_smoter_solid_angle_10.0,KNNR,solid_angle,10.0,-0.3474257834237366,0.0003647105149164881,2.239535232677194e-07,0.002329831817252312
PCA,ailerons,_dto_smoter_solid_angle_10.0,MLPR,solid_angle,10.0,-18.20592864603595,0.0010792257160399275,3.1802316516582473e-06,0.01747728983426246
PCA,ailerons,_dto_smoter_solid_angle_10.0,RFR,solid_angle,10.0,0.4036581560208369,0.0002450726170792036,9.917597582138593e-08,0.0018713862816523
PCA,ailerons,_dto_smoter_solid_angle_10.0,RNR,solid_angle,10.0,-0.4357844352865388,0.00042139392926092537,2.386487768008842e-07,0.0022260905831768102
PCA,ailerons,_dto_smoter_solid_angle_10.0,SGDR,solid_angle,10.0,-0.3436395865088193,0.00040477950522231816,2.2331595625465321e-07,0.0022211053148951366
PCA,ailerons,_dto_smoter_solid_angle_10.0,SVR,solid_angle,10.0,-5.293566429524244,0.0009593963636363668,1.0466098181818242e-06,0.0016500000000000024
PCA,autoPrice,_dto_smoter_solid_angle_10.0,ABR,solid_angle,10.0,0.8018481647591056,1818.6941850766705,6144076.557140288,7747.048527652075
PCA,autoPrice,_dto_smoter_solid_angle_10.0,GBR,solid_angle,10.0,0.8506797268417271,1350.6241540251601,4805388.33989925,6795.0597345009655
PCA,autoPrice,_dto_smoter_solid_angle_10.0,KNNR,solid_angle,10.0,0.587067680709625,2233.436732735271,11919691.920003608,10119.330725638543
PCA,autoPrice,_dto_smoter_solid_angle_10.0,MLPR,solid_angle,10.0,-4.533116572957756,11411.937497046829,164468640.31166032,27351.309392728846
PCA,autoPrice,_dto_smoter_solid_angle_10.0,RFR,solid_angle,10.0,0.8316600915817919,1504.8252958274873,5227993.705486483,6979.296316134211
PCA,autoPrice,_dto_smoter_solid_angle_10.0,RNR,solid_angle,10.0,-0.6905674271119159,6078.446201940506,47648329.94445347,14694.125318754845
PCA,autoPrice,_dto_smoter_solid_angle_10.0,SGDR,solid_angle,10.0,0.4268752615946411,3519.802815553429,17186157.742451284,9154.743258268223
PCA,autoPrice,_dto_smoter_solid_angle_10.0,SVR,solid_angle,10.0,-1.2524154322402141,6960.939133737264,61249130.84661237,14308.296540743348
PCA,bank32nh,_dto_smoter_solid_angle_10.0,ABR,solid_angle,10.0,-0.16319076773044475,0.11964220697623665,0.017172930267987725,0.3767910873904651
PCA,bank32nh,_dto_smoter_solid_angle_10.0,GBR,solid_angle,10.0,0.4775576502160009,0.06302677229568063,0.007735894199528884,0.451433906828021
PCA,bank32nh,_dto_smoter_solid_angle_10.0,KNNR,solid_angle,10.0,-0.007585467878890074,0.0883771683668831,0.014883739925186348,0.44915922072045866
PCA,bank32nh,_dto_smoter_solid_angle_10.0,MLPR,solid_angle,10.0,0.481446420476138,0.06291849626795931,0.007676595949352868,0.4089495708950069
PCA,bank32nh,_dto_smoter_solid_angle_10.0,RFR,solid_angle,10.0,0.4749924048530885,0.061154145953305775,0.007770651740791108,0.4753229259734639
PCA,bank32nh,_dto_smoter_solid_angle_10.0,RNR,solid_angle,10.0,-0.3476614868877015,0.12713807555756593,0.019962171088142702,0.5238216542978413
PCA,bank32nh,_dto_smoter_solid_angle_10.0,SGDR,solid_angle,10.0,0.33944721658706706,0.07571112475127688,0.009773303208185305,0.4578099004392673
PCA,bank32nh,_dto_smoter_solid_angle_10.0,SVR,solid_angle,10.0,0.4749633632946216,0.06726400797200202,0.007775184513272393,0.4271262099265107
PCA,bank8FM,_dto_smoter_solid_angle_10.0,ABR,solid_angle,10.0,0.8634309804861203,0.04764481180296079,0.003150226319643209,0.19674875714057732
PCA,bank8FM,_dto_smoter_solid_angle_10.0,GBR,solid_angle,10.0,0.9263155790818752,0.029415315593939083,0.0016995854943498722,0.19885848419863297
PCA,bank8FM,_dto_smoter_solid_angle_10.0,KNNR,solid_angle,10.0,0.8910542965959326,0.03440898207897885,0.002511794590991237,0.2323055863391909
PCA,bank8FM,_dto_smoter_solid_angle_10.0,MLPR,solid_angle,10.0,0.9109203618581224,0.03377731847196613,0.002053760703350146,0.20240334014254302
PCA,bank8FM,_dto_smoter_solid_angle_10.0,RFR,solid_angle,10.0,0.9274874408495638,0.028445038890499895,0.0016725132546849446,0.18856421806525284
PCA,bank8FM,_dto_smoter_solid_angle_10.0,RNR,solid_angle,10.0,-0.4904135069399757,0.16545001390407849,0.03435887875972555,0.41120004559152135
PCA,bank8FM,_dto_smoter_solid_angle_10.0,SGDR,solid_angle,10.0,0.8046381525774606,0.05373353871107047,0.004500824428181954,0.22766417060918906
PCA,bank8FM,_dto_smoter_solid_angle_10.0,SVR,solid_angle,10.0,0.9057034775703244,0.036356472885417,0.0021742135658864388,0.18630913532125915
PCA,cpu_act,_dto_smoter_solid_angle_10.0,ABR,solid_angle,10.0,0.91860799275716,4.531838209849894,27.359354485376247,17.48024822946341
PCA,cpu_act,_dto_smoter_solid_angle_10.0,GBR,solid_angle,10.0,0.9673459678112588,2.4181734342329486,10.97668659362616,16.973900487349137
PCA,cpu_act,_dto_smoter_solid_angle_10.0,KNNR,solid_angle,10.0,0.8134758739844168,5.823097895914785,62.666238117152005,29.69433093379402
PCA,cpu_act,_dto_smoter_solid_angle_10.0,MLPR,solid_angle,10.0,0.7901067238755959,6.966556935590569,70.53462019766545,44.24561353001332
PCA,cpu_act,_dto_smoter_solid_angle_10.0,RFR,solid_angle,10.0,0.9722778534385318,2.095556892834569,9.316211563474075,26.963402558318176
PCA,cpu_act,_dto_smoter_solid_angle_10.0,RNR,solid_angle,10.0,0.4753052643186394,11.148393629197273,176.69975889957215,38.926506698815615
PCA,cpu_act,_dto_smoter_solid_angle_10.0,SGDR,solid_angle,10.0,0.7266523511583921,7.836195462114569,91.71203504822151,47.228427416302864
PCA,cpu_act,_dto_smoter_solid_angle_10.0,SVR,solid_angle,10.0,0.8077537168854729,5.979674394825463,64.49435295103267,33.502378338396305
PCA,cpu_small,_dto_smoter_solid_angle_10.0,ABR,solid_angle,10.0,0.8924590443210482,5.116687392232301,35.702520947071726,21.65545958871353
PCA,cpu_small,_dto_smoter_solid_angle_10.0,GBR,solid_angle,10.0,0.9393686446966169,3.321357104255545,20.237007921526395,22.54349833207691
PCA,cpu_small,_dto_smoter_solid_angle_10.0,KNNR,solid_angle,10.0,0.8107924480775738,5.831788364865633,63.140117559898975,29.887747234895212
PCA,cpu_small,_dto_smoter_solid_angle_10.0,MLPR,solid_angle,10.0,0.7690278176041214,7.238008557403434,76.77761321500186,43.703561664113614
PCA,cpu_small,_dto_smoter_solid_angle_10.0,RFR,solid_angle,10.0,0.9666428934806279,2.311696872086586,11.052188532398471,28.805644767851238
PCA,cpu_small,_dto_smoter_solid_angle_10.0,RNR,solid_angle,10.0,0.4701449046263854,11.164444648304805,177.81176231069352,39.25160782536908
PCA,cpu_small,_dto_smoter_solid_angle_10.0,SGDR,solid_angle,10.0,0.7223205403641378,7.8516318065386175,92.13144337100135,45.942856304162866
PCA,cpu_small,_dto_smoter_solid_angle_10.0,SVR,solid_angle,10.0,0.8060518350806966,5.9709760861274255,64.60416228063032,33.30287673395425
PCA,elevators,_dto_smoter_solid_angle_10.0,ABR,solid_angle,10.0,-1.9777767454748307,0.010681335173456588,0.0001338340039695242,0.03606568014648294
PCA,elevators,_dto_smoter_solid_angle_10.0,GBR,solid_angle,10.0,0.17217512179998262,0.004885465675170621,3.732766714390314e-05,0.0416216693180066
PCA,elevators,_dto_smoter_solid_angle_10.0,KNNR,solid_angle,10.0,-0.5032745063981787,0.005968836301325461,6.771688490672465e-05,0.04664796075318172
PCA,elevators,_dto_smoter_solid_angle_10.0,MLPR,solid_angle,10.0,-0.17868648419999347,0.005578718425705836,5.29788368409886e-05,0.04630750318091744
PCA,elevators,_dto_smoter_solid_angle_10.0,RFR,solid_angle,10.0,0.5796594267901746,0.003182682406815936,1.8958084123813232e-05,0.03514218883381954
PCA,elevators,_dto_smoter_solid_angle_10.0,RNR,solid_angle,10.0,-0.3169565644028636,0.006664692108949227,5.934526617667942e-05,0.04635578684258946
PCA,elevators,_dto_smoter_solid_angle_10.0,SGDR,solid_angle,10.0,-0.26527399972326193,0.006482469914721656,5.7030102750574936e-05,0.04617271265185285
PCA,elevators,_dto_smoter_solid_angle_10.0,SVR,solid_angle,10.0,-11.739847541154466,0.0231897402323969,0.000573589704548837,0.0334
PCA,fried,_dto_smoter_solid_angle_10.0,ABR,solid_angle,10.0,0.6538448265270423,2.3571259551999537,8.644100288896514,11.39152268757516
PCA,fried,_dto_smoter_solid_angle_10.0,GBR,solid_angle,10.0,0.7115588862558446,2.0788941208093883,7.202396044159046,13.057559517100213
PCA,fried,_dto_smoter_solid_angle_10.0,KNNR,solid_angle,10.0,0.6526599612112619,2.2823303777397053,8.673744605595854,14.403937650585258
PCA,fried,_dto_smoter_solid_angle_10.0,MLPR,solid_angle,10.0,0.7389126255328737,1.9720571666531963,6.521164729773334,12.511790121664982
PCA,fried,_dto_smoter_solid_angle_10.0,RFR,solid_angle,10.0,0.7603028927911454,1.8843629871653593,5.98567041979854,12.971216611655445
PCA,fried,_dto_smoter_solid_angle_10.0,RNR,solid_angle,10.0,0.0017864734207475809,4.062082353504552,24.925499678461215,15.492034975999456
PCA,fried,_dto_smoter_solid_angle_10.0,SGDR,solid_angle,10.0,0.4888563897016757,2.835454569839848,12.760124112003655,14.648476358812127
PCA,fried,_dto_smoter_solid_angle_10.0,SVR,solid_angle,10.0,0.8061390984298141,1.674511074015482,4.840158522925842,12.280757494159946
PCA,puma32H,_dto_smoter_solid_angle_10.0,ABR,solid_angle,10.0,0.6069396540002607,0.01503741852293661,0.0003593718789349105,0.060568034302510274
PCA,puma32H,_dto_smoter_solid_angle_10.0,GBR,solid_angle,10.0,0.8241073841177553,0.009928462275645679,0.00016074904541308523,0.05018394752777285
PCA,puma32H,_dto_smoter_solid_angle_10.0,KNNR,solid_angle,10.0,-0.27429187233907715,0.025060644402992226,0.001165033292468369,0.11968008567945908
PCA,puma32H,_dto_smoter_solid_angle_10.0,MLPR,solid_angle,10.0,-0.0006800539948846912,0.023356553941373988,0.000914569012930842,0.10751311458730736
PCA,puma32H,_dto_smoter_solid_angle_10.0,RFR,solid_angle,10.0,0.8547809555225431,0.009027755152336907,0.00013274287629947242,0.04273329699987742
PCA,puma32H,_dto_smoter_solid_angle_10.0,RNR,solid_angle,10.0,0.1356503140327206,0.021526578710189183,0.0007900185821555295,0.08876065840978728
PCA,puma32H,_dto_smoter_solid_angle_10.0,SGDR,solid_angle,10.0,0.08189480611433382,0.02170934460069409,0.0008390306914699004,0.09858468283984703
PCA,puma32H,_dto_smoter_solid_angle_10.0,SVR,solid_angle,10.0,-0.001872399276136738,0.02347642090690816,0.0009168236712223137,0.08643189999999998
